{
  "train_loss": [
    1.5535883580878487,
    1.3562194571562782,
    1.269063407775303,
    1.207978003151189,
    1.1653017527575722,
    1.1227818298480094,
    1.083818009123999,
    1.042430003977739,
    1.0150807799350514,
    0.9797615665802438,
    0.9407310072212812,
    0.8943369035828966,
    0.8548315554872248,
    0.8064571416038003,
    0.7602483086313061,
    0.7065785029474355,
    0.6528915826083752,
    0.5997812773883423,
    0.5422134999335885,
    0.4912821808588053,
    0.4371462731341274,
    0.38862239334452164,
    0.348002271654713,
    0.310054166482889,
    0.2699788011199038,
    0.2470749820085856,
    0.2210461567744063,
    0.21350111108816944
  ],
  "train_acc": [
    0.3922752428499555,
    0.4846549789078525,
    0.5185959208947715,
    0.5418166337706568,
    0.5566391888230968,
    0.5797437981346028,
    0.590347923681257,
    0.6059445024962267,
    0.6201091373505166,
    0.6317581949765858,
    0.6458841286427494,
    0.6644219977553311,
    0.6835403846898099,
    0.7045164286543597,
    0.7202678122218352,
    0.7422500870776733,
    0.7621037965865552,
    0.7834668524323697,
    0.8064553581794961,
    0.8252254344208367,
    0.8453113510584775,
    0.8637331166066798,
    0.8787104764116258,
    0.891172258988351,
    0.9082781841402531,
    0.9159023182011687,
    0.9263516389953171,
    0.9268160532528349
  ],
  "val_loss": [
    1.466190426690238,
    1.2888693065178103,
    1.4150822867084463,
    1.256567043211402,
    1.1676491732381362,
    1.183016621858816,
    1.1532384675554281,
    1.157740399314136,
    1.103212947131034,
    1.1020134269568147,
    1.1154215891602148,
    1.095675182425602,
    1.0883880261344776,
    1.1331152622708045,
    1.1013627870572984,
    1.145087128067681,
    1.1693146913309131,
    1.2008106367097915,
    1.2100320430582825,
    1.263560392050793,
    1.305180071455261,
    1.3694952634984192,
    1.4186338028425953,
    1.4728778303292571,
    1.528241109681877,
    1.580926956200018,
    1.6574723115781458,
    1.686297289087382
  ],
  "val_acc": [
    0.445993031358885,
    0.5128919860627178,
    0.4634146341463415,
    0.5233449477351917,
    0.5644599303135889,
    0.5522648083623694,
    0.5634146341463414,
    0.5780487804878048,
    0.5954703832752614,
    0.5909407665505226,
    0.5961672473867596,
    0.5965156794425087,
    0.6132404181184669,
    0.6097560975609756,
    0.6174216027874564,
    0.6146341463414634,
    0.6146341463414634,
    0.6202090592334495,
    0.6184668989547039,
    0.6167247386759582,
    0.6229965156794425,
    0.6170731707317073,
    0.6195121951219512,
    0.6222996515679442,
    0.6229965156794425,
    0.6202090592334495,
    0.6184668989547039,
    0.6156794425087108
  ],
  "lr": [
    0.001,
    0.0009972609476841367,
    0.0009890738003669028,
    0.0009755282581475768,
    0.0009567727288213003,
    0.0009330127018922195,
    0.0009045084971874739,
    0.0008715724127386972,
    0.0008345653031794292,
    0.0007938926261462366,
    0.00075,
    0.0007033683215379003,
    0.0006545084971874739,
    0.0006039558454088797,
    0.0005522642316338269,
    0.0005000000000000002,
    0.0004477357683661734,
    0.00039604415459112036,
    0.0003454915028125264,
    0.00029663167846210003,
    0.00025000000000000017,
    0.00020610737385376354,
    0.00016543469682057108,
    0.00012842758726130303,
    9.549150281252637e-05,
    6.698729810778068e-05,
    4.322727117869953e-05,
    2.447174185242324e-05
  ]
}